auc_roc,auc_pr,sensibilidad,especificidad,vpp_precision,vpn,brier_score,tp,tn,fp,fn
0.8460704772517383,0.7698652897109791,0.7057761732851986,0.8255813953488372,0.7032374100719424,0.8273305084745762,0.15475976467132568,391,781,165,163
