categoria_riesgo,n_eventos,score_promedio,tasa_asistencia,costo_total_interv
ALTO,270,56.68888888888889,0.9111111111111111,10570
BAJO,245,18.538775510204083,0.8775510204081632,0
CRITICO,14,77.14285714285714,1.0,10370
MEDIO,959,35.715328467153284,0.9343065693430657,38885
