categoria_riesgo,n_eventos,score_promedio,tasa_asistencia,costo_total_interv
ALTO,70,56.857142857142854,0.9285714285714286,2730
BAJO,287,15.32752613240418,0.9303135888501742,0
MEDIO,438,34.221461187214615,0.9497716894977168,17250
