categoria_riesgo,n_eventos,score_promedio,tasa_asistencia,costo_total_interv
ALTO,298,57.130872483221474,0.9261744966442953,11990
BAJO,268,18.54850746268657,0.8731343283582089,0
CRITICO,6,77.5,1.0,4410
MEDIO,914,35.96827133479212,0.9266958424507659,36390
