categoria_riesgo,n_eventos,score_promedio,tasa_asistencia,costo_total_interv
ALTO,252,57.242063492063494,0.9246031746031746,9860
BAJO,256,18.875,0.88671875,0
CRITICO,13,77.46153846153847,1.0,9635
MEDIO,980,35.248979591836736,0.9326530612244898,38620
