categoria_riesgo,n_eventos,score_promedio,tasa_asistencia,costo_total_interv
ALTO,226,56.57964601769911,0.9336283185840708,9190
BAJO,283,18.823321554770317,0.901060070671378,0
CRITICO,13,77.3076923076923,1.0,9635
MEDIO,965,35.31502590673575,0.938860103626943,38575
