categoria_riesgo,n_eventos,score_promedio,tasa_asistencia,costo_total_interv
ALTO,219,56.76255707762557,0.8995433789954338,8945
BAJO,279,18.627240143369175,0.8924731182795699,0
CRITICO,11,79.0909090909091,1.0,8125
MEDIO,960,35.90208333333333,0.94375,38320
