categoria_riesgo,n_eventos,score_promedio,tasa_asistencia,costo_total_interv
ALTO,258,56.75581395348837,0.9418604651162791,10310
BAJO,251,19.08764940239044,0.9123505976095617,0
CRITICO,13,78.38461538461539,0.9230769230769231,9635
MEDIO,955,35.97905759162304,0.9256544502617801,38545
