categoria_riesgo,n_eventos,score_promedio,tasa_asistencia,costo_total_interv
ALTO,288,56.68402777777778,0.9236111111111112,11880
BAJO,249,18.265060240963855,0.9076305220883534,0
CRITICO,9,77.0,1.0,6695
MEDIO,932,34.85407725321888,0.9281115879828327,36980
