categoria_riesgo,n_eventos,score_promedio,tasa_asistencia,costo_total_interv
ALTO,261,56.32183908045977,0.9386973180076629,10535
BAJO,284,18.595070422535212,0.9154929577464789,0
CRITICO,8,78.75,1.0,5960
MEDIO,939,35.81150159744409,0.9254526091586794,37265
