categoria_riesgo,n_eventos,score_promedio,tasa_asistencia,costo_total_interv
ALTO,267,56.40823970037453,0.9438202247191011,10905
BAJO,308,18.399350649350648,0.9123376623376623,0
CRITICO,2,75.0,1.0,1510
MEDIO,902,35.827050997782706,0.9257206208425721,36130
