categoria_riesgo,n_eventos,score_promedio,tasa_asistencia,costo_total_interv
ALTO,270,56.885185185185186,0.9148148148148149,10930
BAJO,287,18.634146341463413,0.89198606271777,0
CRITICO,10,78.8,0.9,7590
MEDIO,917,35.63467829880044,0.9367502726281353,36495
