categoria_riesgo,n_eventos,score_promedio,tasa_asistencia,costo_total_interv
ALTO,272,57.0625,0.9301470588235294,10600
BAJO,276,18.764492753623188,0.8985507246376812,0
CRITICO,12,77.91666666666667,1.0,8940
MEDIO,914,35.15207877461707,0.9463894967177243,36350
