categoria_riesgo,n_eventos,score_promedio,tasa_asistencia,costo_total_interv
ALTO,282,57.10992907801418,0.9113475177304965,11470
BAJO,227,18.308370044052865,0.8942731277533039,0
CRITICO,9,75.66666666666667,0.8888888888888888,6655
MEDIO,958,35.28496868475992,0.9373695198329853,38530
