categoria_riesgo,n_eventos,score_promedio,tasa_asistencia,costo_total_interv
ALTO,272,56.856617647058826,0.8970588235294118,10920
BAJO,229,18.25764192139738,0.9170305676855895,0
CRITICO,16,77.125,0.9375,11880
MEDIO,957,35.804597701149426,0.9195402298850575,38335
