categoria_riesgo,n_eventos,score_promedio,tasa_asistencia,costo_total_interv
ALTO,241,57.07053941908714,0.9045643153526971,9235
BAJO,271,18.730627306273064,0.933579335793358,0
CRITICO,17,77.29411764705883,0.9411764705882353,12615
MEDIO,957,35.86415882967607,0.9362591431556949,37815
