categoria_riesgo,n_eventos,score_promedio,tasa_asistencia,costo_total_interv
ALTO,277,56.07942238267148,0.9494584837545126,11295
BAJO,300,18.936666666666667,0.9033333333333333,0
CRITICO,2,76.5,0.5,1470
MEDIO,902,36.24168514412417,0.9301552106430155,35850
