categoria_riesgo,n_eventos,score_promedio,tasa_asistencia,costo_total_interv
ALTO,279,56.70967741935484,0.9498207885304659,11205
BAJO,258,18.573643410852714,0.9069767441860465,0
CRITICO,8,76.375,1.0,5920
MEDIO,920,35.530434782608694,0.933695652173913,36440
