categoria_riesgo,n_eventos,score_promedio,tasa_asistencia,costo_total_interv
ALTO,276,57.06159420289855,0.9094202898550725,11260
BAJO,267,18.116104868913858,0.8764044943820225,0
CRITICO,4,78.5,1.0,2940
MEDIO,925,35.52108108108108,0.9351351351351351,36935
