categoria_riesgo,n_eventos,score_promedio,tasa_asistencia,costo_total_interv
ALTO,242,57.81404958677686,0.9297520661157025,9510
BAJO,243,18.666666666666668,0.897119341563786,0
CRITICO,8,78.5,0.875,5960
MEDIO,978,35.82719836400818,0.9202453987730062,38870
