categoria_riesgo,n_eventos,score_promedio,tasa_asistencia,costo_total_interv
ALTO,266,56.71052631578947,0.924812030075188,10990
BAJO,270,18.766666666666666,0.9259259259259259,0
CRITICO,17,78.58823529411765,1.0,12615
MEDIO,918,35.43464052287582,0.9161220043572985,36730
