categoria_riesgo,n_eventos,score_promedio,tasa_asistencia,costo_total_interv
ALTO,262,57.31679389312977,0.9274809160305344,10410
BAJO,276,18.597826086956523,0.8876811594202898,0
CRITICO,6,75.0,1.0,4450
MEDIO,929,35.4962325080732,0.9235737351991389,37115
