categoria_riesgo,n_eventos,score_promedio,tasa_asistencia,costo_total_interv
ALTO,230,57.26086956521739,0.9391304347826087,9610
BAJO,251,18.53386454183267,0.9163346613545816,0
CRITICO,8,78.0,0.875,5880
MEDIO,986,35.75659229208925,0.9117647058823529,39270
