categoria_riesgo,n_eventos,score_promedio,tasa_asistencia,costo_total_interv
ALTO,282,56.86524822695036,0.950354609929078,11310
BAJO,257,18.653696498054476,0.8988326848249028,0
CRITICO,26,78.6923076923077,0.9230769230769231,19230
MEDIO,928,35.53771551724138,0.9084051724137931,36520
