categoria_riesgo,n_eventos,score_promedio,tasa_asistencia,costo_total_interv
ALTO,221,57.57013574660633,0.9411764705882353,8615
BAJO,245,18.706122448979592,0.9183673469387755,0
CRITICO,14,78.85714285714286,1.0,10370
MEDIO,983,35.88097660223805,0.9267548321464903,39245
