categoria_riesgo,n_eventos,score_promedio,tasa_asistencia,costo_total_interv
ALTO,253,57.691699604743086,0.924901185770751,10335
BAJO,293,18.30716723549488,0.9180887372013652,0
CRITICO,9,80.33333333333333,0.8888888888888888,6695
MEDIO,924,35.71861471861472,0.9231601731601732,37140
