categoria_riesgo,n_eventos,score_promedio,tasa_asistencia,costo_total_interv
ALTO,254,56.09055118110236,0.937007874015748,9970
BAJO,244,19.020491803278688,0.9180327868852459,0
CRITICO,10,77.4,0.9,7430
MEDIO,972,35.6820987654321,0.9053497942386831,39380
