categoria_riesgo,n_eventos,score_promedio,tasa_asistencia,costo_total_interv
ALTO,299,57.46488294314381,0.9297658862876255,11665
BAJO,277,18.27436823104693,0.8736462093862816,0
CRITICO,4,76.5,1.0,2940
MEDIO,918,35.85947712418301,0.9313725490196079,36970
