categoria_riesgo,n_eventos,score_promedio,tasa_asistencia,costo_total_interv
ALTO,253,56.95652173913044,0.9209486166007905,9935
BAJO,263,18.44106463878327,0.870722433460076,0
CRITICO,4,75.0,1.0,2940
MEDIO,975,35.687179487179485,0.9302564102564103,38885
