categoria_riesgo,n_eventos,score_promedio,tasa_asistencia,costo_total_interv
ALTO,239,57.57322175732217,0.9205020920502092,9685
BAJO,243,18.695473251028808,0.9094650205761317,0
CRITICO,12,76.83333333333333,1.0,8860
MEDIO,980,35.52040816326531,0.9183673469387755,38220
