categoria_riesgo,n_eventos,score_promedio,tasa_asistencia,costo_total_interv
ALTO,278,56.492805755395686,0.9280575539568345,11170
BAJO,285,18.51578947368421,0.8982456140350877,0
CRITICO,6,76.5,1.0,4410
MEDIO,912,35.45065789473684,0.9243421052631579,36720
