categoria_riesgo,n_eventos,score_promedio,tasa_asistencia,costo_total_interv
ALTO,241,57.149377593360995,0.9253112033195021,9315
BAJO,275,18.716363636363635,0.9090909090909091,0
CRITICO,11,76.63636363636364,1.0,8085
MEDIO,958,36.0553235908142,0.9384133611691023,38330
