subgrupo,n,auc
edad_40-55,496,0.8553755162035415
edad_55-70,828,0.837120054014115
edad_70-80,170,0.8433667781493869
sexo_F,750,0.8481444444444444
sexo_M,750,0.8429125920751842
