modelo,auc_roc,auc_pr,sensibilidad,especificidad,vpp,vpn,f1,brier,tp,tn,fp,fn
LightGBM,0.846771700719732,0.7740546425122296,0.7057761732851986,0.8266384778012685,0.7045045045045045,0.8275132275132275,0.7051397655545536,0.15435217118865685,391,782,164,163
XGBoost,0.8460704772517383,0.7698652897109791,0.7057761732851986,0.8255813953488372,0.7032374100719424,0.8273305084745762,0.7045045045045045,0.15475976467132568,391,781,165,163
Random Forest,0.8443112172857787,0.7669051701493961,0.6949458483754513,0.8329809725158562,0.7090239410681399,0.8234064785788924,0.7019143117593437,0.1544789604988865,385,788,158,169
Logistic Regression,0.8375508506269987,0.7450618155306856,0.703971119133574,0.8181818181818182,0.693950177935943,0.8251599147121536,0.6989247311827957,0.16051894779615597,390,774,172,164
Decision Tree,0.8357620152494639,0.75605755349833,0.703971119133574,0.8192389006342494,0.6951871657754011,0.825346112886049,0.6995515695067265,0.1582655783983211,390,775,171,164
Elastic Net,0.8351170804680167,0.7450704385691147,0.5938628158844765,0.8773784355179705,0.7393258426966293,0.7867298578199052,0.6586586586586587,0.15744432321689147,329,830,116,225
Regla extendida,0.8266499263476847,0.7273787654974015,0.3555956678700361,0.9418604651162791,0.7817460317460317,0.7139423076923077,0.48883374689826303,0.175964919885325,197,891,55,357
Regla simple,0.811497775165813,0.7049040027681699,0.6155234657039711,0.879492600422833,0.7494505494505495,0.7961722488038278,0.6759167492566898,0.16885396228794508,341,832,114,213
