modelo,auc_roc,auc_pr,sensibilidad,especificidad,vpp,vpn,f1,brier,tp,tn,fp,fn
LightGBM,0.846771700719732,0.7740546425122296,0.7057761732851986,0.8266384778012685,0.7045045045045045,0.8275132275132275,0.7051397655545536,0.15435217118865685,391,782,164,163
XGBoost,0.8460704772517383,0.7698652897109791,0.7057761732851986,0.8255813953488372,0.7032374100719424,0.8273305084745762,0.7045045045045045,0.15475976467132568,391,781,165,163
Random Forest,0.8443112172857787,0.7669051701493961,0.6949458483754513,0.8329809725158562,0.7090239410681399,0.8234064785788924,0.7019143117593437,0.1544789604988865,385,788,158,169
Logistic Regression,0.8375508506269987,0.7450618155306856,0.703971119133574,0.8181818181818182,0.693950177935943,0.8251599147121536,0.6989247311827957,0.16051894779615597,390,774,172,164
