baseline,auc,precision,recall,f1
Regla simple (HbA1c > 8.0) - VAL,0.801224447963862,0.7339667458432304,0.5754189944134078,0.6450939457202505
Regla extendida - VAL,0.8094912120913269,0.7542372881355932,0.33147113594040967,0.46054333764553684
Regla simple (HbA1c > 8.0) - TEST,0.811497775165813,0.7494505494505495,0.6155234657039711,0.6759167492566898
Regla extendida - TEST,0.8266499263476847,0.7817460317460317,0.3555956678700361,0.48883374689826303
