modelo,auc_val
XGBoost,0.8272294641009725
LightGBM,0.826951971550729
Random Forest,0.8233677733494994
Elastic Net,0.8175201254614402
Logistic Regression,0.8171894548963415
Decision Tree,0.8123009450216676
